/*
Script DML Proyecto 2
Julián Divas - 24687
Generado con apoyo de ChatGPT
*/
insert into Categoria (nombre, descripcion) values
('Bebidas', 'Productos líquidos para consumo'),
('Snacks', 'Aperitivos y botanas'),
('Limpieza', 'Productos de limpieza del hogar'),
('Lácteos', 'Productos derivados de la leche'),
('Panadería', 'Productos horneados'),
('Frutas', 'Frutas frescas'),
('Verduras', 'Verduras frescas'),
('Carnes', 'Productos cárnicos'),
('Congelados', 'Productos refrigerados y congelados'),
('Cereales', 'Cereales y granos'),
('Higiene', 'Productos de higiene personal'),
('Mascotas', 'Alimento y accesorios para mascotas'),
('Papelería', 'Útiles escolares y oficina'),
('Electrónica', 'Accesorios electrónicos'),
('Ropa', 'Prendas de vestir'),
('Calzado', 'Zapatos y sandalias'),
('Juguetes', 'Juguetes para niños'),
('Farmacia', 'Productos farmacéuticos'),
('Baterías', 'Pilas y baterías'),
('Café', 'Café y derivados'),
('Té', 'Té e infusiones'),
('Salsas', 'Salsas y aderezos'),
('Pastas', 'Pastas alimenticias'),
('Enlatados', 'Productos enlatados'),
('Repostería', 'Ingredientes para postres');

insert into Cliente (nombre, apellido, telefono, correo, nit) values
('Juan', 'Pérez', '55510001', 'juan1@mail.com', 'CF'),
('María', 'López', '55510002', 'maria2@mail.com', '12345-6'),
('Carlos', 'Ramírez', '55510003', 'carlos3@mail.com', 'CF'),
('Ana', 'Gómez', '55510004', 'ana4@mail.com', '45678-9'),
('Luis', 'Hernández', '55510005', 'luis5@mail.com', 'CF'),
('Sofía', 'Morales', '55510006', 'sofia6@mail.com', '77889-1'),
('Pedro', 'Castillo', '55510007', 'pedro7@mail.com', 'CF'),
('Lucía', 'Méndez', '55510008', 'lucia8@mail.com', '99887-2'),
('Jorge', 'Díaz', '55510009', 'jorge9@mail.com', 'CF'),
('Elena', 'Ruiz', '55510010', 'elena10@mail.com', '22113-4'),
('Andrés', 'Vásquez', '55510011', 'andres11@mail.com', 'CF'),
('Paula', 'Navarro', '55510012', 'paula12@mail.com', '88991-5'),
('Diego', 'Flores', '55510013', 'diego13@mail.com', 'CF'),
('Camila', 'Rojas', '55510014', 'camila14@mail.com', '77654-3'),
('Miguel', 'Torres', '55510015', 'miguel15@mail.com', 'CF'),
('Valeria', 'Silva', '55510016', 'valeria16@mail.com', '33221-7'),
('José', 'Cruz', '55510017', 'jose17@mail.com', 'CF'),
('Fernanda', 'Ortiz', '55510018', 'fernanda18@mail.com', '99812-6'),
('Ricardo', 'Aguilar', '55510019', 'ricardo19@mail.com', 'CF'),
('Natalia', 'Reyes', '55510020', 'natalia20@mail.com', '11987-4'),
('Hugo', 'Molina', '55510021', 'hugo21@mail.com', 'CF'),
('Daniela', 'Campos', '55510022', 'daniela22@mail.com', '66123-9'),
('Mario', 'Estrada', '55510023', 'mario23@mail.com', 'CF'),
('Andrea', 'Santos', '55510024', 'andrea24@mail.com', '77119-8'),
('Pablo', 'Chávez', '55510025', 'pablo25@mail.com', 'CF');

insert into Empleado (nombre, apellido, puesto, telefono, correo, fecha_contratacion) values
('Kevin', 'Lopez', 'Cajero', '55520001', 'emp1@mail.com', '2024-01-10'),
('Laura', 'Perez', 'Supervisor', '55520002', 'emp2@mail.com', '2023-11-15'),
('Mario', 'Diaz', 'Bodeguero', '55520003', 'emp3@mail.com', '2024-02-01'),
('Paola', 'Ruiz', 'Cajero', '55520004', 'emp4@mail.com', '2024-03-12'),
('Javier', 'Mora', 'Vendedor', '55520005', 'emp5@mail.com', '2023-12-08'),
('Sara', 'Castro', 'Cajero', '55520006', 'emp6@mail.com', '2024-01-20'),
('Oscar', 'Luna', 'Supervisor', '55520007', 'emp7@mail.com', '2022-09-10'),
('Karen', 'Mejia', 'Vendedor', '55520008', 'emp8@mail.com', '2024-04-01'),
('Raul', 'Cano', 'Bodeguero', '55520009', 'emp9@mail.com', '2023-08-17'),
('Marta', 'Lara', 'Cajero', '55520010', 'emp10@mail.com', '2024-02-28'),
('Joel', 'Paz', 'Vendedor', '55520011', 'emp11@mail.com', '2024-01-05'),
('Nora', 'Funes', 'Supervisor', '55520012', 'emp12@mail.com', '2023-07-22'),
('Ivan', 'Rivas', 'Cajero', '55520013', 'emp13@mail.com', '2024-05-03'),
('Lidia', 'Soto', 'Vendedor', '55520014', 'emp14@mail.com', '2024-02-18'),
('Rene', 'Delgado', 'Bodeguero', '55520015', 'emp15@mail.com', '2023-10-14'),
('Julia', 'Cortez', 'Cajero', '55520016', 'emp16@mail.com', '2024-03-09'),
('Edgar', 'Lemus', 'Supervisor', '55520017', 'emp17@mail.com', '2022-12-01'),
('Monica', 'Leiva', 'Vendedor', '55520018', 'emp18@mail.com', '2024-01-30'),
('Victor', 'Suarez', 'Cajero', '55520019', 'emp19@mail.com', '2024-04-15'),
('Claudia', 'Rosales', 'Bodeguero', '55520020', 'emp20@mail.com', '2023-09-19'),
('Noe', 'Mendez', 'Vendedor', '55520021', 'emp21@mail.com', '2024-02-06'),
('Patricia', 'Arias', 'Supervisor', '55520022', 'emp22@mail.com', '2023-06-11'),
('Alex', 'Godoy', 'Cajero', '55520023', 'emp23@mail.com', '2024-03-21'),
('Bianca', 'Navas', 'Vendedor', '55520024', 'emp24@mail.com', '2024-01-17'),
('Samuel', 'Pinto', 'Bodeguero', '55520025', 'emp25@mail.com', '2023-11-03');

insert into Proveedor (nombre, correo, direccion, telefono) values
('Distribuidora Central', 'prov1@mail.com', 'Zona 1', '55530001'),
('Alimentos GT', 'prov2@mail.com', 'Zona 2', '55530002'),
('Fresh Market Supply', 'prov3@mail.com', 'Zona 3', '55530003'),
('Limpio Hogar', 'prov4@mail.com', 'Zona 4', '55530004'),
('Lacteos Unidos', 'prov5@mail.com', 'Zona 5', '55530005'),
('Pan Express', 'prov6@mail.com', 'Zona 6', '55530006'),
('Agro Verde', 'prov7@mail.com', 'Zona 7', '55530007'),
('Carnes Premium', 'prov8@mail.com', 'Zona 8', '55530008'),
('Congelados SA', 'prov9@mail.com', 'Zona 9', '55530009'),
('Cereal House', 'prov10@mail.com', 'Zona 10', '55530010'),
('Higiene Plus', 'prov11@mail.com', 'Zona 11', '55530011'),
('Pet Food Co', 'prov12@mail.com', 'Zona 12', '55530012'),
('Office Supply', 'prov13@mail.com', 'Zona 13', '55530013'),
('Tech Import', 'prov14@mail.com', 'Zona 14', '55530014'),
('Moda Global', 'prov15@mail.com', 'Zona 15', '55530015'),
('Zapatería Mayorista', 'prov16@mail.com', 'Zona 16', '55530016'),
('Toy World', 'prov17@mail.com', 'Zona 17', '55530017'),
('Farmacia Supply', 'prov18@mail.com', 'Zona 18', '55530018'),
('Battery House', 'prov19@mail.com', 'Zona 19', '55530019'),
('Cafe Selecto', 'prov20@mail.com', 'Zona 20', '55530020'),
('Tea Imports', 'prov21@mail.com', 'Zona 21', '55530021'),
('Salsas del Chef', 'prov22@mail.com', 'Zona 22', '55530022'),
('Pastas Italia', 'prov23@mail.com', 'Zona 23', '55530023'),
('Enlatados SA', 'prov24@mail.com', 'Zona 24', '55530024'),
('Dulce Repostería', 'prov25@mail.com', 'Zona 25', '55530025');

insert into Producto (nombre, descripcion, stock_actual, stock_minimo, precio_general, id_categoria) values
('Coca Cola 600ml', 'Bebida gaseosa', 120, 20, 8.50, 1),
('Papas Fritas', 'Snack salado', 80, 15, 6.00, 2),
('Jabón Líquido', 'Limpieza manos', 50, 10, 18.00, 3),
('Leche Entera', 'Leche de vaca', 70, 12, 12.50, 4),
('Pan Francés', 'Pan fresco', 100, 20, 1.50, 5),
('Manzana Roja', 'Fruta fresca', 90, 15, 3.00, 6),
('Tomate', 'Verdura fresca', 85, 10, 2.75, 7),
('Pollo Entero', 'Carne fresca', 40, 8, 45.00, 8),
('Helado Vainilla', 'Congelado', 30, 5, 28.00, 9),
('Cereal Avena', 'Desayuno', 60, 10, 22.00, 10),
('Shampoo', 'Higiene personal', 45, 8, 30.00, 11),
('Comida Perro', 'Mascotas', 35, 5, 55.00, 12),
('Cuaderno', 'Papelería escolar', 150, 30, 10.00, 13),
('Audífonos', 'Electrónica', 25, 5, 75.00, 14),
('Camiseta', 'Ropa casual', 40, 8, 60.00, 15),
('Tenis Deportivos', 'Calzado', 20, 4, 180.00, 16),
('Muñeca', 'Juguete infantil', 18, 3, 95.00, 17),
('Paracetamol', 'Medicamento básico', 70, 10, 8.00, 18),
('Pilas AA', 'Baterías', 90, 20, 14.00, 19),
('Café Molido', 'Café premium', 55, 10, 38.00, 20),
('Té Verde', 'Infusión natural', 40, 8, 20.00, 21),
('Salsa de Tomate', 'Condimento', 65, 12, 11.00, 22),
('Espagueti', 'Pasta seca', 75, 15, 9.50, 23),
('Atún Enlatado', 'Enlatado', 80, 15, 16.00, 24),
('Harina para Pastel', 'Repostería', 50, 10, 14.50, 25);

insert into Venta (id_cliente, id_empleado, fecha, metodo_pago) values
(1,1,'2026-04-01 10:00:00','Efectivo'),
(2,2,'2026-04-01 11:00:00','Tarjeta'),
(3,3,'2026-04-02 09:30:00','Efectivo'),
(4,4,'2026-04-02 14:20:00','Transferencia'),
(5,5,'2026-04-03 16:10:00','Tarjeta'),
(6,6,'2026-04-03 17:45:00','Efectivo'),
(7,7,'2026-04-04 12:00:00','Tarjeta'),
(8,8,'2026-04-04 13:15:00','Efectivo'),
(9,9,'2026-04-05 15:30:00','Transferencia'),
(10,10,'2026-04-05 18:00:00','Tarjeta'),
(11,11,'2026-04-06 10:10:00','Efectivo'),
(12,12,'2026-04-06 11:40:00','Tarjeta'),
(13,13,'2026-04-07 09:00:00','Efectivo'),
(14,14,'2026-04-07 19:10:00','Transferencia'),
(15,15,'2026-04-08 08:30:00','Tarjeta'),
(16,16,'2026-04-08 14:45:00','Efectivo'),
(17,17,'2026-04-09 12:20:00','Tarjeta'),
(18,18,'2026-04-09 17:50:00','Efectivo'),
(19,19,'2026-04-10 10:35:00','Transferencia'),
(20,20,'2026-04-10 16:40:00','Tarjeta'),
(21,21,'2026-04-11 11:15:00','Efectivo'),
(22,22,'2026-04-11 13:50:00','Tarjeta'),
(23,23,'2026-04-12 09:25:00','Efectivo'),
(24,24,'2026-04-12 18:15:00','Transferencia'),
(25,25,'2026-04-13 20:00:00','Tarjeta');

insert into Detalle_venta (id_venta, id_producto, cantidad, precio_venta) values
(1,1,2,8.50),
(2,2,3,6.00),
(3,3,1,18.00),
(4,4,2,12.50),
(5,5,6,1.50),
(6,6,4,3.00),
(7,7,5,2.75),
(8,8,1,45.00),
(9,9,2,28.00),
(10,10,1,22.00),
(11,11,1,30.00),
(12,12,1,55.00),
(13,13,4,10.00),
(14,14,1,75.00),
(15,15,2,60.00),
(16,16,1,180.00),
(17,17,1,95.00),
(18,18,2,8.00),
(19,19,3,14.00),
(20,20,1,38.00),
(21,21,2,20.00),
(22,22,3,11.00),
(23,23,2,9.50),
(24,24,4,16.00),
(25,25,1,14.50);

insert into Suministra (id_proveedor, id_producto, precio, fecha_ultima_compra) values
(1,1,6.50,'2026-03-20'),
(2,2,4.00,'2026-03-21'),
(3,3,12.00,'2026-03-22'),
(4,4,8.50,'2026-03-23'),
(5,5,0.90,'2026-03-24'),
(6,6,1.80,'2026-03-25'),
(7,7,1.50,'2026-03-26'),
(8,8,35.00,'2026-03-27'),
(9,9,20.00,'2026-03-28'),
(10,10,15.00,'2026-03-29'),
(11,11,22.00,'2026-03-30'),
(12,12,40.00,'2026-03-31'),
(13,13,6.50,'2026-04-01'),
(14,14,55.00,'2026-04-02'),
(15,15,42.00,'2026-04-03'),
(16,16,130.00,'2026-04-04'),
(17,17,70.00,'2026-04-05'),
(18,18,5.00,'2026-04-06'),
(19,19,9.00,'2026-04-07'),
(20,20,28.00,'2026-04-08'),
(21,21,14.00,'2026-04-09'),
(22,22,7.00,'2026-04-10'),
(23,23,6.50,'2026-04-11'),
(24,24,11.00,'2026-04-12'),
(25,25,10.00,'2026-04-13');